%CPU;%MEM;MB_rd/s;MB_wr/s
57.61;0.10;0;0
35.93;0.13;0;0.175781
12.38;0.13;0;8.47656
